NumDevices,MobilitySpeed,TrafficInterval,Sigma,RunNumber,TotalPackets,SuccessfulPackets,PDR_Percent,AvgEnergy_mJ,alg,scenario
600,0.0,72,3.96,72,66000,40688,61.65,0.325436,No-ADR,density
1000,0.0,145,0.00,72,110000,82711,75.19,0.217659,ADR-AVG,density
600,0.0,72,7.92,72,66000,46771,70.87,0.209263,ADR-AVG,density
1000,0.0,145,0.00,72,110000,95778,87.07,0.169702,ADR-Lite,density
600,0.0,72,7.92,72,66000,52790,79.98,0.174854,ADR-Lite,density
1000,0.0,145,0.00,72,110000,84413,76.74,0.154045,ADR-MAX,density
600,0.0,72,7.92,72,66000,47362,71.76,0.154803,ADR-MAX,density
1000,0.0,145,0.00,72,110000,70840,64.40,0.325436,No-ADR,density
600,0.0,72,7.92,72,66000,43910,66.53,0.325436,No-ADR,density
1000,0.0,145,3.96,72,110000,83991,76.36,0.203138,ADR-AVG,density
700,0.0,145,0.00,72,77000,63082,81.92,0.193563,ADR-AVG,density
1000,0.0,145,3.96,72,110000,94337,85.76,0.166037,ADR-Lite,density
700,0.0,145,0.00,72,77000,69883,90.76,0.156183,ADR-Lite,density
1000,0.0,145,3.96,72,110000,85018,77.29,0.150889,ADR-MAX,density
700,0.0,145,0.00,72,77000,64052,83.18,0.144448,ADR-MAX,density
1000,0.0,145,3.96,72,110000,74227,67.48,0.325436,No-ADR,density
700,0.0,145,0.00,72,77000,56980,74.00,0.325436,No-ADR,density
1000,0.0,145,7.92,72,110000,81526,74.11,0.197332,ADR-AVG,density
700,0.0,145,3.96,72,77000,63094,81.94,0.186367,ADR-AVG,density
1000,0.0,145,7.92,72,110000,89799,81.64,0.169592,ADR-Lite,density
700,0.0,145,3.96,72,77000,68440,88.88,0.156063,ADR-Lite,density
1000,0.0,145,7.92,72,110000,82138,74.67,0.150581,ADR-MAX,density
700,0.0,145,3.96,72,77000,63554,82.54,0.143925,ADR-MAX,density
1000,0.0,145,7.92,72,110000,78377,71.25,0.325436,No-ADR,density
700,0.0,145,3.96,72,77000,58932,76.54,0.325436,No-ADR,density
1000,0.0,3600,0.00,72,110000,109078,99.16,0.155609,ADR-AVG,density
1000,0.0,3600,0.00,72,110000,109506,99.55,0.133757,ADR-Lite,density
700,0.0,145,7.92,72,77000,60429,78.48,0.184673,ADR-AVG,density
1000,0.0,3600,0.00,72,110000,109082,99.17,0.130480,ADR-MAX,density
700,0.0,145,7.92,72,77000,64725,84.06,0.162116,ADR-Lite,density
700,0.0,145,7.92,72,77000,60663,78.78,0.145493,ADR-MAX,density
1000,0.0,3600,0.00,72,110000,107140,97.40,0.325436,No-ADR,density
700,0.0,145,7.92,72,77000,60545,78.63,0.325436,No-ADR,density
1000,0.0,3600,3.96,72,110000,106129,96.48,0.157398,ADR-AVG,density
700,0.0,3600,0.00,72,77000,76847,99.80,0.155087,ADR-AVG,density
1000,0.0,3600,3.96,72,110000,106794,97.09,0.136684,ADR-Lite,density
700,0.0,3600,0.00,72,77000,76901,99.87,0.133261,ADR-Lite,density
1000,0.0,3600,3.96,72,110000,106128,96.48,0.131605,ADR-MAX,density
700,0.0,3600,0.00,72,77000,76848,99.80,0.130139,ADR-MAX,density
1000,0.0,3600,3.96,72,110000,107469,97.70,0.325436,No-ADR,density
700,0.0,3600,0.00,72,77000,75790,98.43,0.325436,No-ADR,density
1000,0.0,3600,7.92,72,110000,97994,89.09,0.163197,ADR-AVG,density
700,0.0,3600,3.96,72,77000,74852,97.21,0.156767,ADR-AVG,density
1000,0.0,3600,7.92,72,110000,99311,90.28,0.145730,ADR-Lite,density
700,0.0,3600,3.96,72,77000,75116,97.55,0.135958,ADR-Lite,density
1000,0.0,3600,7.92,72,110000,97988,89.08,0.135197,ADR-MAX,density
700,0.0,3600,3.96,72,77000,74852,97.21,0.131188,ADR-MAX,density
1000,0.0,3600,7.92,72,110000,105066,95.51,0.325436,No-ADR,density
700,0.0,3600,3.96,72,77000,75925,98.60,0.325436,No-ADR,density
1000,0.0,72,0.00,72,110000,62089,56.44,0.290568,ADR-AVG,density
700,0.0,3600,7.92,72,77000,69119,89.76,0.162560,ADR-AVG,density
1000,0.0,72,0.00,72,110000,82784,75.26,0.331172,ADR-Lite,density
700,0.0,3600,7.92,72,77000,69826,90.68,0.145073,ADR-Lite,density
1000,0.0,72,0.00,72,110000,63661,57.87,0.224597,ADR-MAX,density
700,0.0,3600,7.92,72,77000,69103,89.74,0.134808,ADR-MAX,density
1000,0.0,72,0.00,72,110000,44770,40.70,0.325436,No-ADR,density
700,0.0,3600,7.92,72,77000,73950,96.04,0.325436,No-ADR,density
1000,0.0,72,3.96,72,110000,64739,58.85,0.286109,ADR-AVG,density
700,0.0,72,0.00,72,77000,51592,67.00,0.253578,ADR-AVG,density
700,0.0,72,0.00,72,77000,63364,82.29,0.198618,ADR-Lite,density
1000,0.0,72,3.96,72,110000,82527,75.02,0.234103,ADR-Lite,density
1000,0.0,72,3.96,72,110000,66031,60.03,0.198349,ADR-MAX,density
700,0.0,72,0.00,72,77000,52820,68.60,0.173850,ADR-MAX,density
700,0.0,72,0.00,72,77000,42130,54.71,0.325436,No-ADR,density
1000,0.0,72,3.96,72,110000,49493,44.99,0.325436,No-ADR,density
700,0.0,72,3.96,72,77000,52498,68.18,0.234063,ADR-AVG,density
1000,0.0,72,7.92,72,110000,66556,60.51,0.250878,ADR-AVG,density
700,0.0,72,3.96,72,77000,62361,80.99,0.184700,ADR-Lite,density
1000,0.0,72,7.92,72,110000,81053,73.68,0.205977,ADR-Lite,density
700,0.0,72,3.96,72,77000,53436,69.40,0.163665,ADR-MAX,density
1000,0.0,72,7.92,72,110000,67580,61.44,0.177301,ADR-MAX,density
1000,0.0,72,7.92,72,110000,57081,51.89,0.325436,No-ADR,density
700,0.0,72,3.96,72,77000,45453,59.03,0.325436,No-ADR,density
700,0.0,72,7.92,72,77000,52506,68.19,0.216932,ADR-AVG,density
100,0.0,145,0.00,72,11000,10869,98.81,0.156817,ADR-AVG,density
700,0.0,72,7.92,72,77000,60185,78.16,0.182411,ADR-Lite,density
100,0.0,145,0.00,72,11000,10922,99.29,0.134830,ADR-Lite,density
700,0.0,72,7.92,72,77000,53046,68.89,0.159812,ADR-MAX,density
100,0.0,145,0.00,72,11000,10871,98.83,0.131111,ADR-MAX,density
100,0.0,145,0.00,72,11000,10010,91.00,0.325436,No-ADR,density
700,0.0,72,7.92,72,77000,49094,63.76,0.325436,No-ADR,density
100,0.0,145,3.96,72,11000,10648,96.80,0.157752,ADR-AVG,density
800,0.0,145,0.00,72,88000,70624,80.25,0.200287,ADR-AVG,density
100,0.0,145,3.96,72,11000,10712,97.38,0.136925,ADR-Lite,density
800,0.0,145,0.00,72,88000,79151,89.94,0.158128,ADR-Lite,density
800,0.0,145,0.00,72,88000,71945,81.76,0.146406,ADR-MAX,density
100,0.0,145,3.96,72,11000,10647,96.79,0.131847,ADR-MAX,density
800,0.0,145,0.00,72,88000,61820,70.25,0.325436,No-ADR,density
100,0.0,145,3.96,72,11000,10186,92.60,0.325436,No-ADR,density
100,0.0,145,7.92,72,11000,9764,88.76,0.164410,ADR-AVG,density
800,0.0,145,3.96,72,88000,70960,80.64,0.191424,ADR-AVG,density
100,0.0,145,7.92,72,11000,9881,89.83,0.147124,ADR-Lite,density
800,0.0,145,3.96,72,88000,77643,88.23,0.158225,ADR-Lite,density
100,0.0,145,7.92,72,11000,9765,88.77,0.135984,ADR-MAX,density
800,0.0,145,3.96,72,88000,71699,81.48,0.145494,ADR-MAX,density
100,0.0,145,7.92,72,11000,10120,92.00,0.325436,No-ADR,density
800,0.0,145,3.96,72,88000,64460,73.25,0.325436,No-ADR,density
100,0.0,3600,0.00,72,11000,10999,99.99,0.154694,ADR-AVG,density
800,0.0,145,7.92,72,88000,68072,77.35,0.188704,ADR-AVG,density
100,0.0,3600,0.00,72,11000,10999,99.99,0.132907,ADR-Lite,density
800,0.0,145,7.92,72,88000,73468,83.49,0.164190,ADR-Lite,density
100,0.0,3600,0.00,72,11000,10999,99.99,0.129932,ADR-MAX,density
800,0.0,145,7.92,72,88000,68438,77.77,0.146845,ADR-MAX,density
800,0.0,145,7.92,72,88000,66944,76.07,0.325436,No-ADR,density
100,0.0,3600,0.00,72,11000,11000,100.00,0.325436,No-ADR,density
800,0.0,3600,0.00,72,88000,87731,99.69,0.155190,ADR-AVG,density
100,0.0,3600,3.96,72,11000,10758,97.80,0.156151,ADR-AVG,density
800,0.0,3600,0.00,72,88000,87840,99.82,0.133341,ADR-Lite,density
100,0.0,3600,3.96,72,11000,10777,97.97,0.135275,ADR-Lite,density
800,0.0,3600,0.00,72,88000,87734,99.70,0.130192,ADR-MAX,density
100,0.0,3600,3.96,72,11000,10758,97.80,0.130834,ADR-MAX,density
800,0.0,3600,0.00,72,88000,86130,97.88,0.325436,No-ADR,density
100,0.0,3600,3.96,72,11000,10994,99.95,0.325436,No-ADR,density
800,0.0,3600,3.96,72,88000,85422,97.07,0.156898,ADR-AVG,density
100,0.0,3600,7.92,72,11000,9841,89.46,0.162789,ADR-AVG,density
800,0.0,3600,3.96,72,88000,85753,97.45,0.136144,ADR-Lite,density
100,0.0,3600,7.92,72,11000,9927,90.25,0.145741,ADR-Lite,density
800,0.0,3600,3.96,72,88000,85418,97.07,0.131285,ADR-MAX,density
100,0.0,3600,7.92,72,11000,9837,89.43,0.135103,ADR-MAX,density
800,0.0,3600,3.96,72,88000,86307,98.08,0.325436,No-ADR,density
100,0.0,3600,7.92,72,11000,10690,97.18,0.325436,No-ADR,density
800,0.0,3600,7.92,72,88000,78787,89.53,0.162756,ADR-AVG,density
100,0.0,72,0.00,72,11000,10638,96.71,0.160146,ADR-AVG,density
800,0.0,3600,7.92,72,88000,79631,90.49,0.145395,ADR-Lite,density
100,0.0,72,0.00,72,11000,10801,98.19,0.137093,ADR-Lite,density
100,0.0,72,0.00,72,11000,10647,96.79,0.132586,ADR-MAX,density
800,0.0,3600,7.92,72,88000,78772,89.51,0.134911,ADR-MAX,density
100,0.0,72,0.00,72,11000,9240,84.00,0.325436,No-ADR,density
800,0.0,3600,7.92,72,88000,84359,95.86,0.325436,No-ADR,density
100,0.0,72,3.96,72,11000,10362,94.20,0.161265,ADR-AVG,density
800,0.0,72,0.00,72,88000,56020,63.66,0.268426,ADR-AVG,density
100,0.0,72,3.96,72,11000,10544,95.85,0.140103,ADR-Lite,density
800,0.0,72,0.00,72,88000,70326,79.92,0.226809,ADR-Lite,density
100,0.0,72,3.96,72,11000,10366,94.24,0.133812,ADR-MAX,density
800,0.0,72,0.00,72,88000,57274,65.08,0.186705,ADR-MAX,density
100,0.0,72,3.96,72,11000,9514,86.49,0.325436,No-ADR,density
800,0.0,72,0.00,72,88000,43120,49.00,0.325436,No-ADR,density
100,0.0,72,7.92,72,11000,9533,86.66,0.167340,ADR-AVG,density
800,0.0,72,3.96,72,88000,57507,65.35,0.246536,ADR-AVG,density
100,0.0,72,7.92,72,11000,9741,88.55,0.149880,ADR-Lite,density
800,0.0,72,3.96,72,88000,69788,79.30,0.197173,ADR-Lite,density
100,0.0,72,7.92,72,11000,9539,86.72,0.137649,ADR-MAX,density
800,0.0,72,3.96,72,88000,58563,66.55,0.172705,ADR-MAX,density
100,0.0,72,7.92,72,11000,9600,87.27,0.325436,No-ADR,density
800,0.0,72,3.96,72,88000,46997,53.41,0.325436,No-ADR,density
100,33.3,145,0.00,72,11000,6577,59.79,0.922219,ADR-AVG,density
800,0.0,72,7.92,72,88000,57799,65.68,0.226725,ADR-AVG,density
100,33.3,145,0.00,72,11000,8260,75.09,0.416219,ADR-Lite,density
800,0.0,72,7.92,72,88000,67513,76.72,0.188281,ADR-Lite,density
800,0.0,72,7.92,72,88000,58557,66.54,0.163590,ADR-MAX,density
100,33.3,145,0.00,72,11000,6566,59.69,0.944334,ADR-MAX,density
100,33.3,145,0.00,72,11000,7905,71.86,0.325436,No-ADR,density
800,0.0,72,7.92,72,88000,52100,59.20,0.325436,No-ADR,density
100,33.3,145,3.96,72,11000,6637,60.34,0.896583,ADR-AVG,density
900,0.0,145,0.00,72,99000,77082,77.86,0.209095,ADR-AVG,density
100,33.3,145,3.96,72,11000,8191,74.46,0.428248,ADR-Lite,density
900,0.0,145,0.00,72,99000,87764,88.65,0.163638,ADR-Lite,density
100,33.3,145,3.96,72,11000,6627,60.25,0.921273,ADR-MAX,density
900,0.0,145,0.00,72,99000,78677,79.47,0.149877,ADR-MAX,density
100,33.3,145,3.96,72,11000,7914,71.95,0.325436,No-ADR,density
900,0.0,145,0.00,72,99000,67430,68.11,0.325436,No-ADR,density
100,33.3,145,7.92,72,11000,6554,59.58,0.927072,ADR-AVG,density
900,0.0,145,3.96,72,99000,77811,78.60,0.196077,ADR-AVG,density
100,33.3,145,7.92,72,11000,7959,72.35,0.478058,ADR-Lite,density
900,0.0,145,3.96,72,99000,86167,87.04,0.161419,ADR-Lite,density
900,0.0,145,3.96,72,99000,78663,79.46,0.147639,ADR-MAX,density
100,33.3,145,7.92,72,11000,6554,59.58,0.953221,ADR-MAX,density
100,33.3,145,7.92,72,11000,7756,70.51,0.325436,No-ADR,density
900,0.0,145,3.96,72,99000,69683,70.39,0.325436,No-ADR,density
100,33.3,72,0.00,72,11000,6692,60.84,0.945635,ADR-AVG,density
900,0.0,145,7.92,72,99000,75096,75.85,0.191463,ADR-AVG,density
100,33.3,72,0.00,72,11000,8345,75.86,0.409138,ADR-Lite,density
900,0.0,145,7.92,72,99000,81632,82.46,0.166886,ADR-Lite,density
100,33.3,72,0.00,72,11000,6686,60.78,0.917095,ADR-MAX,density
900,0.0,145,7.92,72,99000,75492,76.25,0.148623,ADR-MAX,density
100,33.3,72,0.00,72,11000,7945,72.23,0.325436,No-ADR,density
900,0.0,145,7.92,72,99000,72868,73.60,0.325436,No-ADR,density
100,33.3,72,3.96,72,11000,6700,60.91,0.909484,ADR-AVG,density
900,0.0,3600,0.00,72,99000,98409,99.40,0.155398,ADR-AVG,density
100,33.3,72,3.96,72,11000,8242,74.93,0.425430,ADR-Lite,density
900,0.0,3600,0.00,72,99000,98677,99.67,0.133551,ADR-Lite,density
100,33.3,72,3.96,72,11000,6680,60.73,0.923553,ADR-MAX,density
900,0.0,3600,0.00,72,99000,98412,99.41,0.130342,ADR-MAX,density
100,33.3,72,3.96,72,11000,7949,72.26,0.325436,No-ADR,density
900,0.0,3600,0.00,72,99000,97680,98.67,0.325436,No-ADR,density
100,33.3,72,7.92,72,11000,6574,59.76,0.944649,ADR-AVG,density
900,0.0,3600,3.96,72,99000,95749,96.72,0.157207,ADR-AVG,density
100,33.3,72,7.92,72,11000,8001,72.74,0.483329,ADR-Lite,density
900,0.0,3600,3.96,72,99000,96215,97.19,0.136513,ADR-Lite,density
100,33.3,72,7.92,72,11000,6571,59.74,0.958875,ADR-MAX,density
900,0.0,3600,3.96,72,99000,95744,96.71,0.131469,ADR-MAX,density
100,33.3,72,7.92,72,11000,7798,70.89,0.325436,No-ADR,density
900,0.0,3600,3.96,72,99000,97717,98.70,0.325436,No-ADR,density
100,60.0,145,0.00,72,11000,6325,57.50,0.948195,ADR-AVG,density
900,0.0,3600,7.92,72,99000,88305,89.20,0.163074,ADR-AVG,density
100,60.0,145,0.00,72,11000,8148,74.07,0.488669,ADR-Lite,density
900,0.0,3600,7.92,72,99000,89358,90.26,0.145707,ADR-Lite,density
100,60.0,145,0.00,72,11000,6328,57.53,0.972011,ADR-MAX,density
900,0.0,3600,7.92,72,99000,88287,89.18,0.135120,ADR-MAX,density
100,60.0,145,0.00,72,11000,7734,70.31,0.325436,No-ADR,density
900,0.0,3600,7.92,72,99000,95096,96.06,0.325436,No-ADR,density
100,60.0,145,3.96,72,11000,6353,57.75,0.977788,ADR-AVG,density
900,0.0,72,0.00,72,99000,59347,59.95,0.279736,ADR-AVG,density
100,60.0,145,3.96,72,11000,8089,73.54,0.506269,ADR-Lite,density
900,0.0,72,0.00,72,99000,76696,77.47,0.271333,ADR-Lite,density
100,60.0,145,3.96,72,11000,6350,57.73,0.975596,ADR-MAX,density
900,0.0,72,0.00,72,99000,60840,61.45,0.204025,ADR-MAX,density
100,60.0,145,3.96,72,11000,7708,70.07,0.325436,No-ADR,density
100,60.0,145,7.92,72,11000,6310,57.36,0.995292,ADR-AVG,density
900,0.0,72,0.00,72,99000,43780,44.22,0.325436,No-ADR,density
900,0.0,72,3.96,72,99000,61523,62.14,0.262476,ADR-AVG,density
100,60.0,145,7.92,72,11000,7917,71.97,0.562150,ADR-Lite,density
900,0.0,72,3.96,72,99000,76359,77.13,0.214561,ADR-Lite,density
100,60.0,145,7.92,72,11000,6313,57.39,0.988981,ADR-MAX,density
900,0.0,72,3.96,72,99000,62505,63.14,0.184831,ADR-MAX,density
100,60.0,145,7.92,72,11000,7575,68.86,0.325436,No-ADR,density
900,0.0,72,3.96,72,99000,48231,48.72,0.325436,No-ADR,density
100,60.0,72,0.00,72,11000,6396,58.15,0.960083,ADR-AVG,density
900,0.0,72,7.92,72,99000,62275,62.90,0.237102,ADR-AVG,density
100,60.0,72,0.00,72,11000,8158,74.16,0.434010,ADR-Lite,density
900,0.0,72,7.92,72,99000,74237,74.99,0.196447,ADR-Lite,density
100,60.0,72,0.00,72,11000,6390,58.09,0.999395,ADR-MAX,density
900,0.0,72,7.92,72,99000,63125,63.76,0.169938,ADR-MAX,density
100,60.0,72,0.00,72,11000,7817,71.06,0.325436,No-ADR,density
900,0.0,72,7.92,72,99000,54758,55.31,0.325436,No-ADR,density
100,60.0,72,3.96,72,11000,6446,58.60,0.977243,ADR-AVG,density
100,60.0,72,3.96,72,11000,8113,73.75,0.451267,ADR-Lite,density
100,60.0,72,3.96,72,11000,6439,58.54,0.976521,ADR-MAX,density
100,60.0,72,3.96,72,11000,7866,71.51,0.325436,No-ADR,density
100,60.0,72,7.92,72,11000,6347,57.70,0.938873,ADR-AVG,density
100,60.0,72,7.92,72,11000,7877,71.61,0.504241,ADR-Lite,density
100,60.0,72,7.92,72,11000,6366,57.87,0.997898,ADR-MAX,density
100,60.0,72,7.92,72,11000,7692,69.93,0.325436,No-ADR,density
200,0.0,145,0.00,72,22000,20527,93.30,0.162980,ADR-AVG,density
200,0.0,145,0.00,72,22000,21227,96.49,0.139932,ADR-Lite,density
200,0.0,145,0.00,72,22000,20550,93.41,0.134656,ADR-MAX,density
200,0.0,145,0.00,72,22000,19580,89.00,0.325436,No-ADR,density
200,0.0,145,3.96,72,22000,20275,92.16,0.163152,ADR-AVG,density
200,0.0,145,3.96,72,22000,20800,94.55,0.142252,ADR-Lite,density
200,0.0,145,3.96,72,22000,20277,92.17,0.135100,ADR-MAX,density
200,0.0,145,3.96,72,22000,19932,90.60,0.325436,No-ADR,density
200,0.0,145,7.92,72,22000,18840,85.64,0.168565,ADR-AVG,density
200,0.0,145,7.92,72,22000,19375,88.07,0.151336,ADR-Lite,density
200,0.0,145,7.92,72,22000,18832,85.60,0.138512,ADR-MAX,density
200,0.0,145,7.92,72,22000,19961,90.73,0.325436,No-ADR,density
200,0.0,3600,0.00,72,22000,21995,99.98,0.154767,ADR-AVG,density
200,0.0,3600,0.00,72,22000,21995,99.98,0.132974,ADR-Lite,density
200,0.0,3600,0.00,72,22000,21995,99.98,0.129969,ADR-MAX,density
200,0.0,3600,0.00,72,22000,22000,100.00,0.325436,No-ADR,density
200,0.0,3600,3.96,72,22000,21449,97.50,0.156424,ADR-AVG,density
200,0.0,3600,3.96,72,22000,21492,97.69,0.135673,ADR-Lite,density
200,0.0,3600,3.96,72,22000,21449,97.50,0.130986,ADR-MAX,density
200,0.0,3600,3.96,72,22000,21986,99.94,0.325436,No-ADR,density
200,0.0,3600,7.92,72,22000,19682,89.46,0.162722,ADR-AVG,density
200,0.0,3600,7.92,72,22000,19879,90.36,0.145457,ADR-Lite,density
200,0.0,3600,7.92,72,22000,19679,89.45,0.134839,ADR-MAX,density
200,0.0,3600,7.92,72,22000,21380,97.18,0.325436,No-ADR,density
200,0.0,72,0.00,72,22000,19447,88.40,0.174575,ADR-AVG,density
200,0.0,72,0.00,72,22000,20667,93.94,0.146409,ADR-Lite,density
200,0.0,72,0.00,72,22000,19543,88.83,0.139113,ADR-MAX,density
200,0.0,72,0.00,72,22000,17270,78.50,0.325436,No-ADR,density
200,0.0,72,3.96,72,22000,19159,87.09,0.174368,ADR-AVG,density
200,0.0,72,3.96,72,22000,20178,91.72,0.148618,ADR-Lite,density
200,0.0,72,3.96,72,22000,19253,87.51,0.139152,ADR-MAX,density
200,0.0,72,3.96,72,22000,17792,80.87,0.325436,No-ADR,density
200,0.0,72,7.92,72,22000,17915,81.43,0.177142,ADR-AVG,density
200,0.0,72,7.92,72,22000,18839,85.63,0.156984,ADR-Lite,density
200,0.0,72,7.92,72,22000,17968,81.67,0.142047,ADR-MAX,density
200,0.0,72,7.92,72,22000,18295,83.16,0.325436,No-ADR,density
200,33.3,145,0.00,72,22000,13436,61.07,0.864440,ADR-AVG,density
200,33.3,145,0.00,72,22000,16676,75.80,0.425628,ADR-Lite,density
200,33.3,145,0.00,72,22000,13426,61.03,0.880180,ADR-MAX,density
200,33.3,145,0.00,72,22000,15923,72.38,0.325436,No-ADR,density
200,33.3,145,3.96,72,22000,13369,60.77,0.912562,ADR-AVG,density
200,33.3,145,3.96,72,22000,16497,74.99,0.437593,ADR-Lite,density
200,33.3,145,3.96,72,22000,13371,60.78,0.881531,ADR-MAX,density
200,33.3,145,3.96,72,22000,15906,72.30,0.325436,No-ADR,density
200,33.3,145,7.92,72,22000,13187,59.94,0.912157,ADR-AVG,density
200,33.3,145,7.92,72,22000,15982,72.65,0.505536,ADR-Lite,density
200,33.3,145,7.92,72,22000,13194,59.97,0.892011,ADR-MAX,density
200,33.3,145,7.92,72,22000,15582,70.83,0.325436,No-ADR,density
200,33.3,72,0.00,72,22000,13523,61.47,0.861481,ADR-AVG,density
200,33.3,72,0.00,72,22000,16893,76.79,0.415773,ADR-Lite,density
200,33.3,72,0.00,72,22000,13528,61.49,0.866841,ADR-MAX,density
200,33.3,72,0.00,72,22000,15086,68.57,0.325436,No-ADR,density
200,33.3,72,3.96,72,22000,13500,61.36,0.845939,ADR-AVG,density
200,33.3,72,3.96,72,22000,16640,75.64,0.434308,ADR-Lite,density
200,33.3,72,3.96,72,22000,13506,61.39,0.888432,ADR-MAX,density
200,33.3,72,3.96,72,22000,15083,68.56,0.325436,No-ADR,density
200,33.3,72,7.92,72,22000,13233,60.15,0.879572,ADR-AVG,density
200,33.3,72,7.92,72,22000,16083,73.10,0.485905,ADR-Lite,density
200,33.3,72,7.92,72,22000,13270,60.32,0.895751,ADR-MAX,density
200,33.3,72,7.92,72,22000,14927,67.85,0.325436,No-ADR,density
200,60.0,72,0.00,72,22000,13291,60.41,0.878625,ADR-AVG,density
200,60.0,72,0.00,72,22000,16641,75.64,0.446626,ADR-Lite,density
200,60.0,72,0.00,72,22000,13305,60.48,0.881440,ADR-MAX,density
200,60.0,72,0.00,72,22000,14834,67.43,0.325436,No-ADR,density
200,60.0,72,3.96,72,22000,13235,60.16,0.869717,ADR-AVG,density
200,60.0,72,3.96,72,22000,16416,74.62,0.469406,ADR-Lite,density
200,60.0,72,3.96,72,22000,13241,60.19,0.882800,ADR-MAX,density
200,60.0,72,3.96,72,22000,14877,67.62,0.325436,No-ADR,density
200,60.0,72,7.92,72,22000,13013,59.15,0.872221,ADR-AVG,density
200,60.0,72,7.92,72,22000,15993,72.70,0.518760,ADR-Lite,density
200,60.0,72,7.92,72,22000,13055,59.34,0.909239,ADR-MAX,density
200,60.0,72,7.92,72,22000,14676,66.71,0.325436,No-ADR,density
300,0.0,145,0.00,72,33000,29880,90.55,0.168804,ADR-AVG,density
300,0.0,145,0.00,72,33000,31388,95.12,0.142780,ADR-Lite,density
300,0.0,145,0.00,72,33000,29995,90.89,0.136604,ADR-MAX,density
300,0.0,145,0.00,72,33000,28160,85.33,0.325436,No-ADR,density
300,0.0,145,3.96,72,33000,29668,89.90,0.167625,ADR-AVG,density
300,0.0,145,3.96,72,33000,30781,93.28,0.145155,ADR-Lite,density
300,0.0,145,3.96,72,33000,29705,90.02,0.136870,ADR-MAX,density
300,0.0,145,3.96,72,33000,28737,87.08,0.325436,No-ADR,density
300,0.0,145,7.92,72,33000,27937,84.66,0.171148,ADR-AVG,density
300,0.0,145,7.92,72,33000,28944,87.71,0.152599,ADR-Lite,density
300,0.0,145,7.92,72,33000,27962,84.73,0.139414,ADR-MAX,density
300,0.0,145,7.92,72,33000,29000,87.88,0.325436,No-ADR,density
300,0.0,3600,0.00,72,33000,32989,99.97,0.154823,ADR-AVG,density
300,0.0,3600,0.00,72,33000,32989,99.97,0.133027,ADR-Lite,density
300,0.0,3600,0.00,72,33000,32989,99.97,0.129999,ADR-MAX,density
300,0.0,3600,0.00,72,33000,32780,99.33,0.325436,No-ADR,density
300,0.0,3600,3.96,72,33000,32153,97.43,0.156484,ADR-AVG,density
300,0.0,3600,3.96,72,33000,32229,97.66,0.135772,ADR-Lite,density
300,0.0,3600,3.96,72,33000,32150,97.42,0.131052,ADR-MAX,density
300,0.0,3600,3.96,72,33000,32797,99.38,0.325436,No-ADR,density
300,0.0,3600,7.92,72,33000,29729,90.09,0.162108,ADR-AVG,density
300,0.0,3600,7.92,72,33000,30008,90.93,0.144536,ADR-Lite,density
300,0.0,3600,7.92,72,33000,29725,90.08,0.134501,ADR-MAX,density
300,0.0,3600,7.92,72,33000,31994,96.95,0.325436,No-ADR,density
300,0.0,72,0.00,72,33000,26888,81.48,0.191280,ADR-AVG,density
300,0.0,72,0.00,72,33000,29863,90.49,0.154809,ADR-Lite,density
300,0.0,72,0.00,72,33000,27173,82.34,0.145288,ADR-MAX,density
300,0.0,72,0.00,72,33000,25190,76.33,0.325436,No-ADR,density
300,0.0,72,3.96,72,33000,26959,81.69,0.184854,ADR-AVG,density
300,0.0,72,3.96,72,33000,29263,88.68,0.156060,ADR-Lite,density
300,0.0,72,3.96,72,33000,27115,82.17,0.144258,ADR-MAX,density
300,0.0,72,3.96,72,33000,25622,77.64,0.325436,No-ADR,density
300,0.0,72,7.92,72,33000,25944,78.62,0.184064,ADR-AVG,density
300,0.0,72,7.92,72,33000,27779,84.18,0.162095,ADR-Lite,density
300,0.0,72,7.92,72,33000,26026,78.87,0.145674,ADR-MAX,density
300,0.0,72,7.92,72,33000,26440,80.12,0.325436,No-ADR,density
300,33.3,72,0.00,72,33000,19781,59.94,0.832700,ADR-AVG,density
300,33.3,72,0.00,72,33000,24956,75.62,0.421196,ADR-Lite,density
300,33.3,72,0.00,72,33000,19807,60.02,0.835124,ADR-MAX,density
300,33.3,72,0.00,72,33000,20885,63.29,0.325436,No-ADR,density
300,33.3,72,3.96,72,33000,19829,60.09,0.813590,ADR-AVG,density
300,33.3,72,3.96,72,33000,24691,74.82,0.437028,ADR-Lite,density
300,33.3,72,3.96,72,33000,19851,60.15,0.845994,ADR-MAX,density
300,33.3,72,3.96,72,33000,21048,63.78,0.325436,No-ADR,density
300,33.3,72,7.92,72,33000,19497,59.08,0.839814,ADR-AVG,density
300,33.3,72,7.92,72,33000,23958,72.60,0.486024,ADR-Lite,density
300,33.3,72,7.92,72,33000,19557,59.26,0.880956,ADR-MAX,density
300,33.3,72,7.92,72,33000,21106,63.96,0.325436,No-ADR,density
400,0.0,145,0.00,72,44000,39051,88.75,0.174211,ADR-AVG,density
400,0.0,145,0.00,72,44000,41440,94.18,0.145569,ADR-Lite,density
400,0.0,145,0.00,72,44000,39309,89.34,0.138161,ADR-MAX,density
400,0.0,145,0.00,72,44000,37730,85.75,0.325436,No-ADR,density
400,0.0,145,3.96,72,44000,38921,88.46,0.171731,ADR-AVG,density
400,0.0,145,3.96,72,44000,40738,92.59,0.147227,ADR-Lite,density
400,0.0,145,3.96,72,44000,39052,88.75,0.138266,ADR-MAX,density
400,0.0,145,3.96,72,44000,38167,86.74,0.325436,No-ADR,density
400,0.0,145,7.92,72,44000,36695,83.40,0.173857,ADR-AVG,density
400,0.0,145,7.92,72,44000,38231,86.89,0.154609,ADR-Lite,density
400,0.0,145,7.92,72,44000,36743,83.51,0.140670,ADR-MAX,density
400,0.0,145,7.92,72,44000,38169,86.75,0.325436,No-ADR,density
400,0.0,3600,0.00,72,44000,43985,99.97,0.154827,ADR-AVG,density
400,0.0,3600,0.00,72,44000,43985,99.97,0.133031,ADR-Lite,density
400,0.0,3600,0.00,72,44000,43985,99.97,0.130000,ADR-MAX,density
400,0.0,3600,0.00,72,44000,44000,100.00,0.325436,No-ADR,density
400,0.0,3600,3.96,72,44000,42925,97.56,0.156401,ADR-AVG,density
400,0.0,3600,3.96,72,44000,43024,97.78,0.135630,ADR-Lite,density
400,0.0,3600,3.96,72,44000,42920,97.55,0.131011,ADR-MAX,density
400,0.0,3600,3.96,72,44000,43934,99.85,0.325436,No-ADR,density
400,0.0,3600,7.92,72,44000,39552,89.89,0.162287,ADR-AVG,density
400,0.0,3600,7.92,72,44000,39911,90.71,0.144883,ADR-Lite,density
400,0.0,3600,7.92,72,44000,39542,89.87,0.134662,ADR-MAX,density
400,0.0,3600,7.92,72,44000,42726,97.10,0.325436,No-ADR,density
400,0.0,72,0.00,72,44000,33821,76.87,0.206713,ADR-AVG,density
400,0.0,72,0.00,72,44000,38720,88.00,0.164660,ADR-Lite,density
400,0.0,72,0.00,72,44000,34353,78.08,0.151602,ADR-MAX,density
400,0.0,72,0.00,72,44000,30580,69.50,0.325436,No-ADR,density
400,0.0,72,3.96,72,44000,34347,78.06,0.195364,ADR-AVG,density
400,0.0,72,3.96,72,44000,38156,86.72,0.162934,ADR-Lite,density
400,0.0,72,3.96,72,44000,34623,78.69,0.149162,ADR-MAX,density
400,0.0,72,3.96,72,44000,31941,72.59,0.325436,No-ADR,density
400,0.0,72,7.92,72,44000,33335,75.76,0.190827,ADR-AVG,density
400,0.0,72,7.92,72,44000,36329,82.57,0.166610,ADR-Lite,density
400,0.0,72,7.92,72,44000,33487,76.11,0.148957,ADR-MAX,density
400,0.0,72,7.92,72,44000,33543,76.23,0.325436,No-ADR,density
500,0.0,145,0.00,72,55000,47926,87.14,0.179242,ADR-AVG,density
500,0.0,145,0.00,72,55000,51398,93.45,0.147470,ADR-Lite,density
500,0.0,145,0.00,72,55000,48412,88.02,0.139513,ADR-MAX,density
500,0.0,145,0.00,72,55000,44220,80.40,0.325436,No-ADR,density
500,0.0,145,3.96,72,55000,47809,86.93,0.174892,ADR-AVG,density
500,0.0,145,3.96,72,55000,50433,91.70,0.149153,ADR-Lite,density
500,0.0,145,3.96,72,55000,48017,87.30,0.139541,ADR-MAX,density
500,0.0,145,3.96,72,55000,45583,82.88,0.325436,No-ADR,density
500,0.0,145,7.92,72,55000,45294,82.35,0.176453,ADR-AVG,density
500,0.0,145,7.92,72,55000,47514,86.39,0.156301,ADR-Lite,density
500,0.0,145,7.92,72,55000,45368,82.49,0.141868,ADR-MAX,density
500,0.0,145,7.92,72,55000,45947,83.54,0.325436,No-ADR,density
500,0.0,3600,0.00,72,55000,54977,99.96,0.154868,ADR-AVG,density
500,0.0,3600,0.00,72,55000,54977,99.96,0.133066,ADR-Lite,density
500,0.0,3600,0.00,72,55000,54977,99.96,0.130018,ADR-MAX,density
500,0.0,3600,0.00,72,55000,54230,98.60,0.325436,No-ADR,density
500,0.0,3600,3.96,72,55000,53578,97.41,0.156562,ADR-AVG,density
500,0.0,3600,3.96,72,55000,53740,97.71,0.135696,ADR-Lite,density
500,0.0,3600,3.96,72,55000,53579,97.42,0.131052,ADR-MAX,density
500,0.0,3600,3.96,72,55000,54410,98.93,0.325436,No-ADR,density
500,0.0,3600,7.92,72,55000,49516,90.03,0.162287,ADR-AVG,density
500,0.0,3600,7.92,72,55000,50012,90.93,0.144691,ADR-Lite,density
500,0.0,3600,7.92,72,55000,49505,90.01,0.134660,ADR-MAX,density
500,0.0,3600,7.92,72,55000,53040,96.44,0.325436,No-ADR,density
500,0.0,72,0.00,72,55000,40963,74.48,0.218807,ADR-AVG,density
500,0.0,72,0.00,72,55000,47616,86.57,0.171480,ADR-Lite,density
500,0.0,72,0.00,72,55000,41694,75.81,0.156077,ADR-MAX,density
500,0.0,72,0.00,72,55000,34870,63.40,0.325436,No-ADR,density
500,0.0,72,3.96,72,55000,41583,75.61,0.204085,ADR-AVG,density
500,0.0,72,3.96,72,55000,46834,85.15,0.168348,ADR-Lite,density
500,0.0,72,3.96,72,55000,42002,76.37,0.152374,ADR-MAX,density
500,0.0,72,3.96,72,55000,37171,67.58,0.325436,No-ADR,density
500,0.0,72,7.92,72,55000,40601,73.82,0.197631,ADR-AVG,density
500,0.0,72,7.92,72,55000,44806,81.47,0.170536,ADR-Lite,density
500,0.0,72,7.92,72,55000,40843,74.26,0.151535,ADR-MAX,density
500,0.0,72,7.92,72,55000,39166,71.21,0.325436,No-ADR,density
600,0.0,145,0.00,72,66000,55453,84.02,0.187979,ADR-AVG,density
600,0.0,145,0.00,72,66000,60683,91.94,0.152006,ADR-Lite,density
600,0.0,145,0.00,72,66000,56248,85.22,0.142106,ADR-MAX,density
600,0.0,145,0.00,72,66000,50270,76.17,0.325436,No-ADR,density
600,0.0,145,3.96,72,66000,55466,84.04,0.180630,ADR-AVG,density
600,0.0,145,3.96,72,66000,59482,90.12,0.152726,ADR-Lite,density
600,0.0,145,3.96,72,66000,55786,84.52,0.141953,ADR-MAX,density
600,0.0,145,3.96,72,66000,51522,78.06,0.325436,No-ADR,density
600,0.0,145,7.92,72,66000,52852,80.08,0.180885,ADR-AVG,density
600,0.0,145,7.92,72,66000,56173,85.11,0.159358,ADR-Lite,density
600,0.0,145,7.92,72,66000,53022,80.34,0.143873,ADR-MAX,density
600,0.0,145,7.92,72,66000,53017,80.33,0.325436,No-ADR,density
600,0.0,3600,0.00,72,66000,65858,99.78,0.155061,ADR-AVG,density
600,0.0,3600,0.00,72,66000,65913,99.87,0.133234,ADR-Lite,density
600,0.0,3600,0.00,72,66000,65860,99.79,0.130127,ADR-MAX,density
600,0.0,3600,0.00,72,66000,65340,99.00,0.325436,No-ADR,density
600,0.0,3600,3.96,72,66000,64206,97.28,0.156703,ADR-AVG,density
600,0.0,3600,3.96,72,66000,64420,97.61,0.135897,ADR-Lite,density
600,0.0,3600,3.96,72,66000,64206,97.28,0.131154,ADR-MAX,density
600,0.0,3600,3.96,72,66000,65355,99.02,0.325436,No-ADR,density
600,0.0,3600,7.92,72,66000,59329,89.89,0.162442,ADR-AVG,density
600,0.0,3600,7.92,72,66000,59954,90.84,0.144842,ADR-Lite,density
600,0.0,3600,7.92,72,66000,59322,89.88,0.134696,ADR-MAX,density
600,0.0,3600,7.92,72,66000,63687,96.50,0.325436,No-ADR,density
600,0.0,72,0.00,72,66000,46560,70.55,0.238813,ADR-AVG,density
600,0.0,72,0.00,72,66000,55786,84.52,0.183573,ADR-Lite,density
600,0.0,72,0.00,72,66000,47677,72.24,0.163883,ADR-MAX,density
600,0.0,72,0.00,72,66000,38170,57.83,0.325436,No-ADR,density
600,0.0,72,3.96,72,66000,47378,71.78,0.219957,ADR-AVG,density
600,0.0,72,3.96,72,66000,54960,83.27,0.174908,ADR-Lite,density
600,0.0,72,3.96,72,66000,48181,73.00,0.157390,ADR-MAX,density
600,0.0,72,3.96,72,66000,40688,61.65,0.325436,No-ADR,density
600,0.0,72,7.92,72,66000,46771,70.87,0.209263,ADR-AVG,density
600,0.0,72,7.92,72,66000,52790,79.98,0.174854,ADR-Lite,density
600,0.0,72,7.92,72,66000,47362,71.76,0.154803,ADR-MAX,density
600,0.0,72,7.92,72,66000,43910,66.53,0.325436,No-ADR,density
700,0.0,145,0.00,72,77000,63082,81.92,0.193563,ADR-AVG,density
700,0.0,145,0.00,72,77000,69883,90.76,0.156183,ADR-Lite,density
700,0.0,145,0.00,72,77000,64052,83.18,0.144448,ADR-MAX,density
700,0.0,145,0.00,72,77000,56980,74.00,0.325436,No-ADR,density
700,0.0,145,3.96,72,77000,63094,81.94,0.186367,ADR-AVG,density
700,0.0,145,3.96,72,77000,68440,88.88,0.156063,ADR-Lite,density
700,0.0,145,3.96,72,77000,63554,82.54,0.143925,ADR-MAX,density
700,0.0,145,3.96,72,77000,58932,76.54,0.325436,No-ADR,density
700,0.0,145,7.92,72,77000,60429,78.48,0.184673,ADR-AVG,density
700,0.0,145,7.92,72,77000,64725,84.06,0.162116,ADR-Lite,density
700,0.0,145,7.92,72,77000,60663,78.78,0.145493,ADR-MAX,density
700,0.0,145,7.92,72,77000,60545,78.63,0.325436,No-ADR,density
700,0.0,3600,0.00,72,77000,76847,99.80,0.155087,ADR-AVG,density
700,0.0,3600,0.00,72,77000,76901,99.87,0.133261,ADR-Lite,density
700,0.0,3600,0.00,72,77000,76848,99.80,0.130139,ADR-MAX,density
700,0.0,3600,0.00,72,77000,75790,98.43,0.325436,No-ADR,density
700,0.0,3600,3.96,72,77000,74852,97.21,0.156767,ADR-AVG,density
700,0.0,3600,3.96,72,77000,75116,97.55,0.135958,ADR-Lite,density
700,0.0,3600,3.96,72,77000,74852,97.21,0.131188,ADR-MAX,density
700,0.0,3600,3.96,72,77000,75925,98.60,0.325436,No-ADR,density
700,0.0,3600,7.92,72,77000,69119,89.76,0.162560,ADR-AVG,density
700,0.0,3600,7.92,72,77000,69826,90.68,0.145073,ADR-Lite,density
700,0.0,3600,7.92,72,77000,69103,89.74,0.134808,ADR-MAX,density
700,0.0,3600,7.92,72,77000,73950,96.04,0.325436,No-ADR,density
700,0.0,72,0.00,72,77000,51592,67.00,0.253578,ADR-AVG,density
700,0.0,72,0.00,72,77000,63364,82.29,0.198618,ADR-Lite,density
700,0.0,72,0.00,72,77000,52820,68.60,0.173850,ADR-MAX,density
700,0.0,72,0.00,72,77000,42130,54.71,0.325436,No-ADR,density
700,0.0,72,3.96,72,77000,52498,68.18,0.234063,ADR-AVG,density
700,0.0,72,3.96,72,77000,62361,80.99,0.184700,ADR-Lite,density
700,0.0,72,3.96,72,77000,53436,69.40,0.163665,ADR-MAX,density
700,0.0,72,3.96,72,77000,45453,59.03,0.325436,No-ADR,density
700,0.0,72,7.92,72,77000,52506,68.19,0.216932,ADR-AVG,density
700,0.0,72,7.92,72,77000,60185,78.16,0.182411,ADR-Lite,density
700,0.0,72,7.92,72,77000,53046,68.89,0.159812,ADR-MAX,density
700,0.0,72,7.92,72,77000,49094,63.76,0.325436,No-ADR,density
800,0.0,145,0.00,72,88000,70624,80.25,0.200287,ADR-AVG,density
800,0.0,145,0.00,72,88000,79151,89.94,0.158128,ADR-Lite,density
800,0.0,145,0.00,72,88000,71945,81.76,0.146406,ADR-MAX,density
800,0.0,145,0.00,72,88000,61820,70.25,0.325436,No-ADR,density
800,0.0,145,3.96,72,88000,70960,80.64,0.191424,ADR-AVG,density
800,0.0,145,3.96,72,88000,77643,88.23,0.158225,ADR-Lite,density
800,0.0,145,3.96,72,88000,71699,81.48,0.145494,ADR-MAX,density
800,0.0,145,3.96,72,88000,64460,73.25,0.325436,No-ADR,density
800,0.0,145,7.92,72,88000,68072,77.35,0.188704,ADR-AVG,density
800,0.0,145,7.92,72,88000,73468,83.49,0.164190,ADR-Lite,density
800,0.0,145,7.92,72,88000,68438,77.77,0.146845,ADR-MAX,density
800,0.0,145,7.92,72,88000,66944,76.07,0.325436,No-ADR,density
800,0.0,3600,0.00,72,88000,87731,99.69,0.155190,ADR-AVG,density
800,0.0,3600,0.00,72,88000,87840,99.82,0.133341,ADR-Lite,density
800,0.0,3600,0.00,72,88000,87734,99.70,0.130192,ADR-MAX,density
800,0.0,3600,0.00,72,88000,86130,97.88,0.325436,No-ADR,density
800,0.0,3600,3.96,72,88000,85422,97.07,0.156898,ADR-AVG,density
800,0.0,3600,3.96,72,88000,85753,97.45,0.136144,ADR-Lite,density
800,0.0,3600,3.96,72,88000,85418,97.07,0.131285,ADR-MAX,density
800,0.0,3600,3.96,72,88000,86307,98.08,0.325436,No-ADR,density
800,0.0,3600,7.92,72,88000,78787,89.53,0.162756,ADR-AVG,density
800,0.0,3600,7.92,72,88000,79631,90.49,0.145395,ADR-Lite,density
800,0.0,3600,7.92,72,88000,78772,89.51,0.134911,ADR-MAX,density
800,0.0,3600,7.92,72,88000,84359,95.86,0.325436,No-ADR,density
800,0.0,72,0.00,72,88000,56020,63.66,0.268426,ADR-AVG,density
800,0.0,72,0.00,72,88000,70326,79.92,0.226809,ADR-Lite,density
800,0.0,72,0.00,72,88000,57274,65.08,0.186705,ADR-MAX,density
800,0.0,72,0.00,72,88000,43120,49.00,0.325436,No-ADR,density
800,0.0,72,3.96,72,88000,57507,65.35,0.246536,ADR-AVG,density
800,0.0,72,3.96,72,88000,69788,79.30,0.197173,ADR-Lite,density
800,0.0,72,3.96,72,88000,58563,66.55,0.172705,ADR-MAX,density
800,0.0,72,3.96,72,88000,46997,53.41,0.325436,No-ADR,density
800,0.0,72,7.92,72,88000,57799,65.68,0.226725,ADR-AVG,density
800,0.0,72,7.92,72,88000,67513,76.72,0.188281,ADR-Lite,density
800,0.0,72,7.92,72,88000,58557,66.54,0.163590,ADR-MAX,density
800,0.0,72,7.92,72,88000,52100,59.20,0.325436,No-ADR,density
900,0.0,145,0.00,72,99000,77082,77.86,0.209095,ADR-AVG,density
900,0.0,145,0.00,72,99000,87764,88.65,0.163638,ADR-Lite,density
900,0.0,145,0.00,72,99000,78677,79.47,0.149877,ADR-MAX,density
900,0.0,145,0.00,72,99000,67430,68.11,0.325436,No-ADR,density
900,0.0,145,3.96,72,99000,77811,78.60,0.196077,ADR-AVG,density
900,0.0,145,3.96,72,99000,86167,87.04,0.161419,ADR-Lite,density
900,0.0,145,3.96,72,99000,78663,79.46,0.147639,ADR-MAX,density
900,0.0,145,3.96,72,99000,69683,70.39,0.325436,No-ADR,density
900,0.0,145,7.92,72,99000,75096,75.85,0.191463,ADR-AVG,density
900,0.0,145,7.92,72,99000,81632,82.46,0.166886,ADR-Lite,density
900,0.0,145,7.92,72,99000,75492,76.25,0.148623,ADR-MAX,density
900,0.0,145,7.92,72,99000,72868,73.60,0.325436,No-ADR,density
900,0.0,3600,0.00,72,99000,98409,99.40,0.155398,ADR-AVG,density
900,0.0,3600,0.00,72,99000,98677,99.67,0.133551,ADR-Lite,density
900,0.0,3600,0.00,72,99000,98412,99.41,0.130342,ADR-MAX,density
900,0.0,3600,0.00,72,99000,97680,98.67,0.325436,No-ADR,density
900,0.0,3600,3.96,72,99000,95749,96.72,0.157207,ADR-AVG,density
900,0.0,3600,3.96,72,99000,96215,97.19,0.136513,ADR-Lite,density
900,0.0,3600,3.96,72,99000,95744,96.71,0.131469,ADR-MAX,density
900,0.0,3600,3.96,72,99000,97717,98.70,0.325436,No-ADR,density
900,0.0,3600,7.92,72,99000,88305,89.20,0.163074,ADR-AVG,density
900,0.0,3600,7.92,72,99000,89358,90.26,0.145707,ADR-Lite,density
900,0.0,3600,7.92,72,99000,88287,89.18,0.135120,ADR-MAX,density
900,0.0,3600,7.92,72,99000,95096,96.06,0.325436,No-ADR,density
900,0.0,72,0.00,72,99000,59347,59.95,0.279736,ADR-AVG,density
900,0.0,72,0.00,72,99000,76696,77.47,0.271333,ADR-Lite,density
900,0.0,72,0.00,72,99000,60840,61.45,0.204025,ADR-MAX,density
900,0.0,72,0.00,72,99000,43780,44.22,0.325436,No-ADR,density
900,0.0,72,3.96,72,99000,61523,62.14,0.262476,ADR-AVG,density
900,0.0,72,3.96,72,99000,76359,77.13,0.214561,ADR-Lite,density
900,0.0,72,3.96,72,99000,62505,63.14,0.184831,ADR-MAX,density
900,0.0,72,3.96,72,99000,48231,48.72,0.325436,No-ADR,density
900,0.0,72,7.92,72,99000,62275,62.90,0.237102,ADR-AVG,density
900,0.0,72,7.92,72,99000,74237,74.99,0.196447,ADR-Lite,density
900,0.0,72,7.92,72,99000,63125,63.76,0.169938,ADR-MAX,density
900,0.0,72,7.92,72,99000,54758,55.31,0.325436,No-ADR,density
